source,medium,total_sessions,converting_sessions,conversion_rate_pct,total_revenue
google,organic,167625,1406,0.84,142572.78
(direct),(none),140484,3804,2.71,611670.61
youtube.com,referral,40502,5,0.01,86.43
analytics.google.com,referral,9939,0,0,
google,cpc,8973,170,1.89,20053.61
Partners,affiliate,8466,6,0.07,558.67
m.facebook.com,referral,2711,4,0.15,97.94
google.com,referral,2520,3,0.12,319.27
dfa,cpm,2053,42,2.05,116668.02
reddit.com,referral,1245,1,0.08,16.97
t.co,referral,1191,4,0.34,124.76
facebook.com,referral,1152,3,0.26,128.92
sites.google.com,referral,1079,14,1.3,1696.55
bing,organic,998,12,1.2,681.8
qiita.com,referral,960,0,0,
baidu,organic,956,0,0,
yahoo,organic,932,13,1.39,937.16
quora.com,referral,833,0,0,
mail.google.com,referral,751,31,4.13,8959.7
groups.google.com,referral,711,35,4.92,1703.51
siliconvalley.about.com,referral,670,3,0.45,253.77
l.facebook.com,referral,553,10,1.81,2717.23
google,cpm,496,17,3.43,1472.14
blog.golang.org,referral,427,0,0,
plus.google.com,referral,362,5,1.38,233.43
docs.google.com,referral,221,1,0.45,40.59
google.co.jp,referral,188,0,0,
duckduckgo.com,referral,174,1,0.57,89.07
ask,organic,162,1,0.62,7.96
productforums.google.com,referral,147,0,0,
sashihara.jp,referral,130,0,0,
dealspotr.com,referral,127,10,7.87,2151.53
optimize.google.com,referral,124,0,0,
google.co.uk,referral,110,0,0,
support.google.com,referral,96,0,0,
s0.2mdn.net,referral,93,0,0,
m.youtube.com,referral,92,0,0,
int.search.tb.ask.com,referral,88,0,0,
h.yandex-team.ru,referral,85,0,0,
search.mysearch.com,referral,70,0,0,
googleads.g.doubleclick.net,referral,68,0,0,
lunametrics.com,referral,68,0,0,
phandroid.com,referral,67,1,1.49,52.95
(not set),(not set),64,0,0,
businessinsider.com,referral,55,0,0,
lm.facebook.com,referral,50,0,0,
l.messenger.com,referral,50,1,2,17.19
adwords.google.com,referral,45,0,0,
us.search.yahoo.com,referral,43,0,0,
google,(not set),38,1,2.63,11.99
outlook.live.com,referral,36,1,2.78,32.99
m.baidu.com,referral,36,0,0,
online-metrics.com,referral,31,0,0,
away.vk.com,referral,29,0,0,
connect.googleforwork.com,referral,28,0,0,
feedly.com,referral,27,0,0,
hangouts.google.com,referral,25,0,0,
flipboard.com,referral,23,0,0,
google.co.in,referral,23,0,0,
google.ru,referral,23,0,0,
github.com,referral,21,0,0,
search.xfinity.com,referral,20,0,0,
mg.mail.yahoo.com,referral,19,2,10.53,131.38
learn.temple.edu,referral,19,0,0,
google.de,referral,18,0,0,
msn.com,referral,16,0,0,
myactivity.google.com,referral,16,0,0,
google.es,referral,15,0,0,
keep.google.com,referral,15,0,0,
plus.url.google.com,referral,14,0,0,
uk.businessinsider.com,referral,14,0,0,
tw.search.yahoo.com,referral,14,0,0,
gophergala.com,referral,13,0,0,
search.tb.ask.com,referral,13,0,0,
google.co.th,referral,13,0,0,
google.nl,referral,12,0,0,
google.ca,referral,11,0,0,
desktop.google.com.ua,referral,11,0,0,
pinterest.com,referral,11,0,0,
linkedin.com,referral,10,0,0,
uk.search.yahoo.com,referral,10,0,0,
google.fr,referral,10,0,0,
in.search.yahoo.com,referral,9,0,0,
nordic.businessinsider.com,referral,9,0,0,
getpocket.com,referral,9,0,0,
apis.mail.yahoo.com,referral,8,0,0,
m.yz.sm.cn,referral,8,0,0,
au.search.yahoo.com,referral,8,0,0,
search.myway.com,referral,8,1,12.5,105.94
fr.search.yahoo.com,referral,7,0,0,
google.it,referral,7,0,0,
messenger.com,referral,7,0,0,
vk.com,referral,7,0,0,
chat.google.com,referral,7,1,14.29,74.03
en.wikipedia.org,referral,6,0,0,
google.com.br,referral,6,0,0,
malaysia.search.yahoo.com,referral,6,0,0,
datastudio.google.com,referral,6,0,0,
finance.yahoo.com,referral,6,0,0,
images.google,organic,5,0,0,
dena-design.qiita.com,referral,5,0,0,
google.com.au,referral,5,0,0,
kidrex.org,referral,5,0,0,
suche.t-online.de,referral,5,0,0,
aol,organic,5,0,0,
ca.search.yahoo.com,referral,5,0,0,
web.facebook.com,referral,5,0,0,
kik.com,referral,4,0,0,
learn.colorado.edu,referral,4,0,0,
cv.il3.ub.edu,referral,4,0,0,
m.sogou.com,referral,4,0,0,
course.fso.fullsail.edu,referral,4,0,0,
es.search.yahoo.com,referral,4,0,0,
ph.search.yahoo.com,referral,4,0,0,
twitter.com,referral,4,0,0,
bing.com,referral,4,0,0,
web.skype.com,referral,3,0,0,
google.cl,referral,3,0,0,
search.earthlink.net,referral,3,0,0,
ex.fit.edu,referral,3,0,0,
se.search.yahoo.com,referral,3,0,0,
google.com.ua,referral,3,0,0,
wheretoget.it,referral,3,0,0,
searchlock.com,referral,3,0,0,
online.fullsail.edu,referral,3,0,0,
centrum.cz,organic,3,0,0,
gist.github.com,referral,3,0,0,
search.incredibar.com,referral,3,0,0,
amazon.com,referral,3,0,0,
aulagrado.esic.edu,referral,3,0,0,
search.1and1.com,referral,3,0,0,
markets.businessinsider.com,referral,3,0,0,
go.mail.ru,organic,3,0,0,
Partners,(not set),2,0,0,
admin.globalaccess.com,referral,2,0,0,
moodle.aurora.edu,referral,2,0,0,
getiriver.com,referral,2,0,0,
members.s7.exacttarget.com,referral,2,0,0,
nl.search.yahoo.com,referral,2,0,0,
google.com.hk,referral,2,0,0,
google.ch,referral,2,0,0,
google.com.mx,referral,2,0,0,
csfirst.withgoogle.com,referral,2,0,0,
us.yhs4.search.yahoo.com,referral,2,0,0,
m.sp.sm.cn,referral,2,0,0,
evernote.com,referral,2,0,0,
businessinsider.in,referral,2,0,0,
staging.talkgadget.google.com,referral,2,0,0,
it.search.yahoo.com,referral,2,0,0,
wap.sogou.com,referral,2,0,0,
cn.bing.com,referral,2,0,0,
amp.reddit.com,referral,2,0,0,
images.google.de,referral,2,0,0,
br.search.yahoo.com,referral,2,0,0,
(direct),cpm,2,0,0,
calendar.google.com,referral,2,1,50,55.24
yandex,organic,2,0,0,
google.com.tw,referral,2,0,0,
images.google.ie,referral,2,0,0,
yahoo,(not set),2,0,0,
maktoob.search.yahoo.com,referral,2,0,0,
baidu.com,referral,2,0,0,
ad.doubleclick.net,referral,1,0,0,
spaces.google.com,referral,1,0,0,
hk.search.yahoo.com,referral,1,0,0,
meetup.com,referral,1,0,0,
it.pinterest.com,referral,1,0,0,
web.whatsapp.com,referral,1,0,0,
br.pinterest.com,referral,1,0,0,
mx.search.yahoo.com,referral,1,0,0,
blognone.com,referral,1,0,0,
computerworld.com,referral,1,0,0,
ausdroid.net,referral,1,0,0,
google.bg,referral,1,0,0,
earth.google.com,referral,1,0,0,
news.ycombinator.com,referral,1,0,0,
fr.yhs4.search.yahoo.com,referral,1,0,0,
se.yhs4.search.yahoo.com,referral,1,0,0,
google.com.pe,referral,1,0,0,
blackboard.towson.edu,referral,1,0,0,
myaccount.google.com,referral,1,0,0,
google.com.ph,referral,1,0,0,
ps-dm.reddit.com,referral,1,0,0,
google.co.nz,referral,1,0,0,
images.google.com.au,referral,1,0,0,
google.co.id,referral,1,0,0,
m.vk.com,referral,1,0,0,
gsuite.google.com,referral,1,0,0,
google.pl,referral,1,0,0,
bing,cpc,1,0,0,
cc.csusm.edu,referral,1,0,0,
google.co.il,referral,1,0,0,
google.com.pk,referral,1,0,0,
yahoo.com,referral,1,0,0,
images.google.lk,referral,1,0,0,
mysearch.com,referral,1,0,0,
web.mail.comcast.net,referral,1,0,0,
so.com,organic,1,0,0,
images.google.co.id,referral,1,0,0,
google.rs,referral,1,0,0,
google.co.za,referral,1,0,0,
us.wow.com,referral,1,0,0,
good.barkpost.com,referral,1,0,0,
voice.google.com,referral,1,0,0,
9to5google.com,referral,1,0,0,
marketingland.com,referral,1,0,0,
mail.verizon.com,referral,1,0,0,
mail.aol.com,referral,1,1,100,64.85
arstechnica.com,referral,1,0,0,
google.lk,referral,1,0,0,
espanol.search.yahoo.com,referral,1,0,0,
sg.search.yahoo.com,referral,1,0,0,
newsstand.google.com,referral,1,0,0,
msn,organic,1,0,0,
collaborate.northwestern.edu,referral,1,0,0,
google.no,referral,1,0,0,
inbox.google.com,referral,1,0,0,
int.search.mywebsearch.com,referral,1,0,0,
newclasses.nyu.edu,referral,1,0,0,
start.wow.com,referral,1,0,0,
google.at,referral,1,0,0,
google.co.kr,referral,1,0,0,
search.snapdo.com,referral,1,0,0,
